,year,interest
0,2015.0,15.541666666666668
1,2016.0,13.580729166666668
2,2017.0,14.604166666666666
3,2018.0,14.484375
4,2019.0,14.458333333333332
5,2020.0,16.9921875
6,2021.0,14.716145833333332
7,2022.0,22.221354166666668
8,2023.0,21.067708333333332
9,2024.0,19.005208333333332
10,2025.0,18.84375
