,region,interest
3,Гродненская область,62.5
4,Минская область,58.26315789473684
0,Брестская область,56.13157894736842
1,Витебская область,47.026315789473685
2,Гомельская область,43.44736842105263
5,Могилёвская область,43.13157894736842
